date,sleep,speed,anxiety,sensitivity,outlook
2022-03-31,7,4,2,2,4
2022-04-01,8,5,1,2,5
2022-04-02,8,5,3,3,5
2022-04-03,8,5,2,2,5
2022-04-04,9,3,2,3,5
2022-04-05,7,4,1,2,5
2022-04-06,7.5,3,1,2,5
2022-04-07,6,3,2,3,3
2022-04-08,10,4,2,2,4
2022-04-09,8,4,2,3,4
2022-04-10,8,3,2,3,5
2022-04-11,9,5,1,1,5
2022-04-11,7.5,4,1,3,4
2022-04-14,11,3,1,2,4
2022-04-15,8,4,2,3,4
2022-04-16,9,4,1,1,4
2022-04-17,7,4,1,2,4
2022-04-20,8,5,1,2,4
2022-04-21,7.5,3,1,1,3
2022-04-22,10,4,1,1,4
2022-04-23,7,4,1,2,4
2022-04-26,7,4,1,2,4
2022-04-27,9,4,3,2,4
2022-04-28,8,4,3,3,3
2022-04-29,7,4,3,3,4
2022-04-30,9,4,2,2,3
2022-05-01,10,4,1,1,4
2022-05-02,5,5,1,2,5
2022-05-03,6.5,4,3,3,3
2022-05-04,5,4,1,3,2
2022-05-05,6,5,1,2,5
2022-05-06,5.5,5,2,2,5
2022-05-08,7,5,1,1,6
2022-05-10,6,5,2,2,5
2022-05-11,7,5,1,1,5
2022-05-12,7.5,5,1,2,5
2022-05-13,6,2,3,2,3
2022-05-14,5,3,3,1,3
2022-05-15,7,3,2,1,4
2022-05-17,8,4,2,1,5
2022-05-20,9,5,1,2,5
2022-05-21,7,5,1,2,5
2022-05-23,8.5,5,1,1,5
2022-05-25,9,4,1,1,5
1991-05-27,9,3,1,1,3
2022-06-01,7,4,1,1,5
2022-06-03,7.5,5,1,1,5
2022-06-04,11,5,1,1,5
2022-06-05,9,4,2,2,5
2022-06-08,8,5,1,1,5
2022-06-09,8.5,5,1,1,5
2022-06-11,8,5,1,1,5
2022-06-12,7,5,1,1,5
2022-06-18,8,5,1,1,5
2022-06-19,7.5,5,1,1,5
2022-06-25,7.5,4,0,1,5
2022-06-26,5.5,5,1,1,5
2022-06-27,8.5,5,1,1,5
2022-06-28,7.5,5,1,1,4
2022-06-30,7,5,1,1,5
2022-07-01,8,5,1,2,5
2022-07-04,10,5,1,1,5
2022-07-06,8,5,1,1,5
2022-07-07,7.5,5,1,2,5
2022-07-08,5,5,2,1,4
2022-07-11,6,5,1,2,5
2022-07-12,7,5,1,1,5
2022-07-13,6.5,5,2,2,3
2022-07-14,8.5,5,1,2,5
2022-07-15,7.5,4,1,2,4
2022-07-16,5,4,1,1,4
2022-07-22,8.5,4,2,2,4
2022-07-28,7.5,3,2,1,4
2022-07-31,6.5,5,1,1,5
2022-08-01,10.25,4,1,1,5
2022-08-02,7,5,1,1,5
2022-08-03,9,4,1,1,5
2022-08-04,9,4,1,1,5
2022-08-05,9.5,4,2,1,5
2022-08-06,8.5,4,1,1,5
2022-08-07,9,4,1,1,5
2022-08-08,8,4,1,1,5
2022-08-09,7,4,1,1,5
2022-08-10,7,4,1,1,5
2022-08-11,8,4,2,1,5
2022-08-12,8.5,4,2,1,5
2022-08-13,9,5,2,1,5
2022-08-14,7,5,1,2,5
2022-08-15,9,5,1,1,5
2022-08-16,8,5,1,1,5
2022-08-17,8.5,5,1,1,5
2022-08-18,6.5,5,1,1,5
2022-08-19,6.5,5,2,1,5
2022-08-20,6,5,1,1,5
2023-08-21,7.5,5,1,1,5
2022-08-22,8,5,1,2,5
2022-08-23,8,5,1,1,5
2022-08-24,8.5,5,1,1,5
2022-08-25,9.5,5,1,1,5
2022-08-26,8,5,1,1,5
2022-08-27,9,5,1,1,5
2022-08-28,8.5,5,1,1,5
2022-08-30,7.5,5,1,1,5
2022-08-31,8,5,1,1,5
2022-09-01,6,5,1,1,5
2022-09-02,5.5,5,1,1,5
2022-09-03,5.5,5,2,1,5
2022-09-04,8,5,1,1,5
2022-09-05,7.5,5,1,1,5
2022-09-06,8.5,5,1,1,5
2022-09-08,7.5,5,1,1,5
2022-09-09,7,5,1,1,5
2022-09-10,6.5,5,1,1,5
2022-09-11,8,5,1,1,5
2022-09-12,8,5,1,1,5
2022-09-13,6.5,5,1,1,5
2022-09-14,7.5,5,1,1,5
2022-09-15,7,5,1,1,6
2022-09-16,6,5,1,1,5
2022-09-17,8,5,1,1,6
2022-09-18,6.5,5,1,1,5
1991-09-19,7,5,1,1,5
2022-09-20,12.5,5,1,2,5
2022-09-21,8.5,5,1,1,6
2022-09-22,7.5,6,1,1,6
2022-09-23,7.5,5,1,2,5
2022-09-24,8,5,1,1,6
2022-09-25,6.5,5,1,1,6
2022-09-26,8.5,5,1,1,5
2022-09-27,9,5,1,1,5
2022-09-28,9,5,1,1,5
2022-09-29,10,5,1,1,5
2022-09-30,8.5,5,1,1,5
2022-10-01,9.5,5,1,1,5
2022-10-02,9,5,1,1,5
2022-10-03,9,5,1,1,5
2022-10-04,8,5,1,1,5
2022-10-05,9.5,5,1,1,5
2022-10-06,10,5,2,1,5
2022-10-07,9.5,5,1,1,5
2022-10-08,9,5,1,1,5
2022-10-09,8,5,1,1,5
2022-10-10,9,5,1,1,5
2022-10-11,8,5,1,1,5
2022-10-12,8,5,1,1,5
2022-10-13,7.5,5,2,2,5
2022-10-14,8,5,2,1,5
2022-10-15,8,5,2,2,5
2022-10-16,8,5,1,1,5
2022-10-17,9,5,2,1,5
2022-10-18,6,5,2,1,4
2022-10-19,7.5,5,1,2,5
2022-10-21,9,4,1,1,5
2022-10-23,7.5,5,2,1,5
2022-10-24,9,5,1,1,5
2022-10-25,7.5,5,1,1,5
2022-10-26,7.5,5,1,1,4
2022-10-27,7,5,1,1,4
2022-10-30,7.5,5,1,2,4
2022-11-01,8,5,2,2,4
2022-11-02,8,5,1,1,5
2022-11-03,8,5,1,1,4
2022-11-04,8,5,1,1,5
2022-11-05,7,5,2,2,3
2022-11-06,6.5,5,1,1,3
2022-11-07,8.5,4,1,2,3
2022-11-08,8.5,5,2,2,4
2023-11-09,7.5,5,2,1,4
2023-11-10,7,5,1,1,4
2022-11-11,6.5,5,1,2,4
2022-11-12,7.5,5,1,1,5
2022-11-13,9,5,1,1,4
2022-11-14,7.5,5,1,1,5
2022-11-15,8.5,5,1,1,5
2022-11-16,8.5,5,1,1,5
2022-11-17,7,5,1,1,5
2022-11-18,8.5,5,1,1,5
2022-11-19,8.5,5,1,2,5
2022-11-21,7,5,1,1,5
2022-11-22,7,5,1,1,5
2022-11-23,8,4,1,1,4
2022-11-24,6.5,4,1,1,5
2022-11-25,8,3,2,2,5
2022-11-26,7.5,5,1,2,4
2022-11-27,8,5,2,1,5
2022-11-28,7.5,5,2,2,5
2022-11-29,8.5,5,1,1,6
2022-11-30,8.5,5,1,2,5
2022-12-02,7,5,1,1,5
2022-12-03,6,5,1,1,5
2022-12-05,7,5,1,1,5
2022-12-06,8,5,1,1,5
2022-12-08,8.5,5,1,1,5
2022-12-09,11,5,1,2,5
2022-12-10,9,5,1,1,5
2022-12-11,10,5,1,2,5
2022-12-12,7.5,5,1,1,5
2022-12-13,7.5,5,2,1,5
2022-12-14,8.5,5,2,1,5
2022-12-15,7.5,5,2,1,5
2022-12-16,6.5,6,2,3,5
2022-12-18,6,5,1,1,5
2022-12-19,8.5,5,1,1,5
2022-12-20,7.5,5,1,1,5
2022-12-25,7.5,5,1,1,6
2022-12-28,9,5,1,1,5
2022-12-30,8.5,5,1,1,5
2022-12-31,9.5,5,1,1,5
2023-01-01,8,4,2,2,5
2023-01-02,8,5,1,2,5
2023-01-04,8,5,1,1,5
2023-01-05,8.5,5,1,1,5
2023-01-06,6,5,2,1,5
2023-01-07,8.5,5,1,1,5
2023-01-08,9.5,5,1,1,5
2023-01-09,7.5,5,2,1,5
2023-01-10,8,5,1,1,5
2023-01-11,7.5,5,1,1,5
2023-01-12,7.5,5,1,1,5
2023-01-13,8,5,1,1,5
2023-01-14,7.5,5,2,1,5
2023-01-16,7.5,5,1,1,4
2023-01-17,7,5,1,1,5
2023-01-18,7,5,1,1,4
2023-01-19,10,5,2,2,4
2023-01-20,7,5,1,1,5
2023-01-21,7.5,4,1,1,4
2023-01-22,8.5,4,1,1,4
2023-01-23,9,5,1,1,4
2023-01-24,7.5,5,1,1,4
2023-01-26,6.5,4,1,1,4
2023-01-27,7,5,3,1,4
2023-01-28,7,4,2,1,4
2023-01-29,8.5,4,2,2,4
2023-01-30,7.5,5,2,1,4
2023-01-31,9,5,2,1,4
2023-02-01,7.5,5,2,1,4
2023-02-01,7.5,5,2,1,4
2023-02-03,8,5,2,1,4
2023-02-04,6,4,2,1,4
2023-02-05,7.5,5,2,1,5
2023-02-06,7.5,5,2,1,5
2023-02-07,10,5,2,1,4
2023-02-08,7,5,1,1,4
2023-02-09,7.5,5,1,1,4
2023-02-10,7.5,5,1,1,4
2023-02-11,8,4,2,1,4
2023-02-12,8.5,4,3,2,4
2023-02-13,7.5,5,2,1,4
2023-02-14,8,5,1,1,4
2023-02-15,7.5,5,1,1,5
2023-02-16,7,5,1,2,5
2023-02-17,9,5,1,1,5
2023-02-18,7,5,1,1,4
2023-02-19,8,5,1,1,5
2023-02-20,9,5,1,1,4
2023-02-21,7.5,5,1,1,5
2023-02-22,8.5,5,1,1,5
2023-02-23,8,5,1,1,5
2023-02-24,8,5,2,1,5
2023-02-25,8.5,6,1,1,5
2023-02-26,8,5,2,1,4
2023-02-27,7,5,1,1,4
2023-02-28,7.5,5,1,1,5
2023-03-01,7.5,5,2,1,5
2023-03-02,7.5,5,1,1,5
2023-03-03,8,5,1,1,5
2023-03-05,7.5,4,1,1,5
2023-03-06,7.5,5,1,1,5
2023-03-07,8,5,1,1,5
2023-03-08,7.5,5,2,1,5
2023-03-09,8,5,2,1,5
2023-03-10,8,4,1,1,4
2023-03-11,8,5,1,1,5
2023-03-12,7,5,1,1,5
2023-03-13,8.5,5,1,1,5
2023-03-14,7,5,1,1,4
2023-03-15,8.5,5,1,3,4
2023-03-16,6.5,5,1,2,5
2023-03-17,8,4,1,1,4
2023-03-18,7.5,5,1,1,5
2023-03-19,7.5,4,1,1,6
2023-03-20,7,5,2,1,5
2023-03-21,8,5,1,1,5
2023-03-23,7,5,2,2,5
2023-03-24,7.5,5,1,1,5
2023-03-25,7.5,4,1,1,5
2023-03-27,8,5,1,1,5
2023-03-28,7.5,4,2,2,3
2023-03-29,7.5,4,1,1,4
2023-03-30,7.5,5,1,1,5
2023-03-31,9.5,5,1,1,6
2023-04-03,6.5,5,1,2,5
2023-04-04,8,5,1,1,5
2023-04-05,8,5,1,1,5
2023-04-06,8.5,5,2,1,4
2023-04-07,8,5,1,1,5
2023-04-08,10,5,1,2,5
2023-04-09,8.5,6,2,2,5
2023-04-10,9,6,2,1,6
2023-04-11,7.5,5,1,1,5
2023-04-12,5.5,5,2,1,5
2023-04-13,6,5,2,1,5
2023-04-16,7,4,1,1,6
2023-04-18,7.5,5,1,1,6
2023-04-19,7,5,1,1,5
2023-04-21,7.5,5,1,1,5
2023-04-22,7,5,1,1,5
2023-04-23,7,5,1,1,5
2023-04-24,7.5,5,1,1,6
2023-04-26,8.5,5,1,1,5
2023-05-01,8,5,1,1,5
2023-05-02,10.5,5,2,1,5
2023-05-03,7.5,5,1,2,5
2023-05-04,7,5,2,2,5
2023-05-05,9,5,1,1,6
2023-05-06,8,5,1,1,5
2023-05-07,11,5,1,2,5
2023-05-08,7.5,5,1,1,5
2023-05-09,8,5,1,1,5
2023-05-10,8,5,2,2,5
2023-05-11,6,4,2,2,5
2023-05-12,11,5,1,1,5
2023-05-13,9.5,5,1,1,5
2023-05-14,7.5,5,1,1,5
2023-05-15,7.5,6,3,1,5
2023-05-16,8,5,3,1,5
2023-05-17,8,5,2,1,5
2023-05-18,7,4,1,1,4
2023-05-19,7,6,1,3,5
2023-05-20,9,4,1,1,4
2023-05-22,7.5,5,1,1,5
2023-05-23,8.5,5,1,1,5
2023-05-24,7.5,4,1,1,5
2023-05-26,10,4,2,2,5
2023-05-27,10.5,5,2,1,5
2023-05-28,7.5,5,3,2,5
2023-05-29,8.5,6,2,1,5
2023-05-30,7.5,5,2,1,5
2023-05-31,7.5,5,2,1,5
2023-06-02,8,6,2,1,5
2023-06-03,8.5,5,1,1,5
2023-06-04,8,6,1,1,5
2023-06-05,7,6,2,1,6
2023-06-06,7,5,1,1,5
2023-06-07,7,5,1,1,4
2023-06-08,7,6,1,1,5
2023-06-09,7,5,1,1,5
2023-06-10,8,5,1,1,5
2023-06-11,7.5,5,1,1,5
2023-06-11,7.5,5,1,1,5
2023-06-12,7.5,5,3,2,4
2023-06-13,8.5,5,2,2,4
2023-06-14,7.5,6,2,2,5
2023-06-15,6,5,3,2,5
2023-06-16,8,4,2,1,5
2023-06-17,6.5,5,1,1,5
2023-06-18,8.5,5,1,1,6
2023-06-19,10,4,1,1,5
2023-06-20,7.5,5,1,1,5
2023-06-21,6,4,1,1,4
2023-06-22,7.5,5,1,1,5
2023-06-23,7,5,1,1,5
2023-06-24,8.5,5,1,1,5
2023-06-25,8,3,1,1,5
2023-06-26,8,5,3,1,4
2023-06-27,7.5,5,1,1,5
2023-06-28,8,5,1,1,5
2023-06-29,7,5,2,1,5
2023-06-30,7.5,5,2,2,5
2023-07-02,6.5,5,1,1,4
2023-07-03,6,5,1,1,5
2023-07-04,7,5,1,1,5
2023-07-05,6.5,4,3,1,5
2022-07-06,7,5,1,1,6
2023-07-07,7,5,1,1,6
2023-07-08,7,5,1,1,6
2023-07-09,8,5,1,1,5
2023-07-10,5.5,5,2,1,5
2023-07-11,7.5,6,1,1,6
2023-07-12,8,5,1,1,6
2023-07-13,7,5,1,3,5
2023-07-14,7.5,5,1,1,5
2023-07-15,9.5,5,1,1,5
2023-07-16,8.5,5,1,1,5
2023-07-17,7,5,1,1,5
2023-07-18,7.5,5,1,1,5
2023-07-19,8,5,1,1,4
2023-07-20,7,5,1,1,4
2023-07-21,7,5,1,1,4
2023-07-22,8,5,1,1,3
2023-07-23,9,5,1,1,3
2023-07-24,8,5,1,2,4
2023-07-25,7,6,1,1,5
2023-07-26,6.5,5,1,1,5
2023-07-27,6.5,4,1,1,4
2023-07-28,8,5,1,1,5
2023-07-29,8,5,1,1,5
2023-07-30,8,5,1,1,5
2023-07-31,8,5,1,1,5
2023-08-01,8,4,1,1,5
2023-08-02,6.5,5,3,1,5
2023-08-03,6.5,5,1,1,5
2023-08-04,7.5,5,1,2,4
2023-08-05,8.5,5,1,1,5
2023-08-06,8.5,5,1,1,5
2023-08-07,7,4,2,1,3
2023-08-08,8.5,3,2,2,1
2023-08-09,7.5,4,1,1,3
2023-08-10,7,5,2,1,3
2023-08-11,7.5,4,1,1,2
2023-08-12,7,5,2,1,3
2023-08-13,7.5,5,2,1,3
2023-08-14,7.5,5,2,1,3
2023-08-15,7.5,4,2,2,3
2023-08-16,8.5,4,2,2,2
2023-08-17,5.5,4,1,1,4
2023-08-18,7.5,5,1,1,3
2023-08-19,5.5,3,1,1,2
2023-08-20,7,4,1,2,3
2023-08-21,7.5,5,1,2,3
2023-08-22,7.5,4,2,2,3
2023-08-23,8,4,2,3,3
2023-08-24,8,4,1,2,2
2023-08-25,8,4,2,3,3
2023-08-26,7.5,4,3,3,3
2023-08-27,8,3,3,2,3
2023-08-28,8,3,3,3,3
2023-08-29,8,4,3,1,3
2023-08-30,7.5,2,4,3,2
2023-08-31,7.5,3,4,1,2
2023-09-01,8,3,3,1,2
2023-09-02,7,3,3,3,2
2023-09-03,8,4,2,2,3
2023-09-04,8,4,3,3,2
2023-09-05,8,3,3,2,2
2023-09-06,9,4,3,1,2
2023-09-07,7.5,3,2,1,3
2023-09-08,8.5,4,2,2,3
2023-09-09,8.5,4,3,2,3
2023-09-10,9.5,4,3,1,3
2023-09-11,9,4,3,1,3
2023-09-12,8.5,4,3,1,3
2023-09-13,10.5,4,2,3,3
2023-09-14,10,3,2,3,3
2023-09-15,8.5,4,2,2,3
2023-09-16,8,3,2,2,3
2023-09-17,8,3,2,3,3
2023-09-18,8.5,3,3,3,3
2023-09-19,9,4,3,2,4
2023-09-20,7.5,3,3,1,4
2023-09-21,7.5,3,2,2,4
2023-09-22,7.5,5,3,1,4
2023-09-23,8,4,3,2,4
2023-09-24,8,5,3,2,4
2023-09-25,7.3,4,3,2,4
2023-09-26,8,4,4,2,5
2023-09-27,7.5,3,2,2,4
2023-09-28,7,4,3,2,5
2023-09-29,7,4,3,3,4
2023-09-30,7.5,4,2,2,4
2023-10-01,8.5,3,2,2,4
2023-10-02,6,3,2,1,3
2023-10-03,7.5,5,2,2,4
2023-10-04,7.5,4,2,1,4
2023-10-05,7.5,4,3,1,4
2023-10-06,7.5,4,3,2,4
2023-10-07,8,4,2,1,3
2023-10-08,7,4,2,2,4
2023-10-09,7.5,4,2,1,4
2023-10-10,7.5,3,3,1,4
2023-10-11,7.5,5,3,1,4
2023-10-12,7.5,5,4,2,3
2023-10-13,8,5,4,2,4
2023-10-14,7.5,3,3,3,3
2023-10-15,9,5,2,1,5
2023-10-16,7.5,4,2,1,5
2023-10-17,7.5,5,2,1,5
2023-10-18,7.5,6,2,2,5
2023-10-19,7,4,3,1,3
2023-10-20,10,5,1,3,5
2023-10-21,9,3,1,1,5
2023-10-22,7.5,5,1,2,5
2023-10-23,7.5,6,1,2,5
2023-10-24,7.5,6,4,1,3
2023-10-25,6,6,4,1,5
2023-10-26,9,5,4,1,3
2023-10-27,7.5,7,4,1,4
2023-10-28,7.5,4,4,1,4
2023-10-29,8,5,3,1,4
2023-10-30,7.5,4,3,1,5
2023-10-31,7,6,3,1,5
2023-11-01,7.5,6,3,1,5
2023-11-02,6.5,5,2,1,5
2023-11-03,8,6,2,1,5
2023-11-04,7.5,5,2,1,6
2023-11-05,7.5,5,1,2,5
2023-11-06,7,7,1,2,5
2023-11-07,7,7,1,1,6
2023-11-08,7,6,2,1,5
2023-11-09,7,6,1,1,5
2023-11-10,8.5,4,2,1,4
2023-11-10,7.5,3,1,1,5
2023-11-12,7,5,2,1,5
2023-11-13,8.5,7,2,1,5
2023-11-14,7.5,5,2,1,5
2023-11-15,6.5,4,1,1,5
2023-11-16,7,8,1,1,6
2023-11-17,8,7,1,1,5
2023-11-18,7,5,3,1,3
2023-11-19,6.5,5,1,1,3
2023-11-20,9,2,1,1,4
2023-11-21,8,4,1,1,5
2023-11-22,7,5,1,1,3
2023-11-23,7,4,1,1,3
2023-11-24,9.5,5,1,1,4
2023-11-27,8,4,1,1,3
2023-11-28,7.5,5,1,1,4
2023-11-29,7.5,4,2,2,3
2023-11-30,8,4,2,1,3
2023-12-01,6.5,3,1,1,3
2023-12-02,8.5,5,1,1,5
2023-12-03,7.5,5,1,1,4
2023-12-04,7,3,1,1,5
2023-12-05,8,5,1,1,4
2023-12-06,7.5,5,2,1,5
2023-12-07,8,5,2,1,4
2023-12-08,7.5,5,3,2,3
2023-12-09,7.5,5,3,1,5
2023-12-11,8.5,4,1,1,5
2023-12-12,8,6,2,1,3
2023-12-13,8,5,2,1,5
2023-12-14,8,5,2,2,5
2023-12-16,8,5,2,1,5
2023-12-17,8,4,1,1,5
2023-12-18,8,5,1,1,5
2023-12-19,8,6,1,1,5
2023-12-20,5,5,2,1,5
2023-12-21,9,5,1,1,5
2023-12-22,7.5,5,2,1,5
2023-12-23,6.5,4,1,1,5
2023-12-24,8,4,2,1,5
2023-12-25,8,4,1,1,5
2023-12-26,8.5,5,1,1,5
2023-12-27,7.5,5,1,1,5
2023-12-28,8,5,1,1,5
2023-12-29,8,4,2,1,5
2023-12-30,7.5,5,3,1,4
2023-12-31,7.5,5,3,1,5
2024-01-01,7,5,2,1,5
2023-01-02,9,5,1,1,4
2024-01-03,8,5,1,1,5
2023-01-04,9,5,1,1,5
2024-01-05,7,3,1,1,4
2023-01-07,7.5,5,2,1,4
2024-01-08,7.5,3,3,2,2
2023-01-09,7.5,4,2,1,3
2023-01-11,7.5,5,2,1,5
2023-01-12,9,5,2,1,5
2024-01-13,8,5,2,1,5
2024-01-14,8.5,5,2,1,4
2024-01-16,8,5,1,1,5
2024-01-17,7.5,5,1,1,5
1991-01-19,8.5,5,2,1,5
2023-01-20,8,5,1,1,4
2024-01-21,7.5,5,2,1,5
2024-01-22,7.5,5,1,4,5
2024-01-22,8,5,2,1,5
2024-01-24,7.5,5,2,1,5
2024-01-26,6.5,6,2,2,5
2024-01-28,8,5,2,1,5
2024-01-29,8,5,2,2,5
2024-01-30,8.5,5,2,1,5
2024-01-31,7.5,5,2,1,5
2024-02-01,8.5,5,2,2,3
2024-02-02,7.5,4,2,1,3
2024-02-03,8.5,5,2,2,3
2024-02-04,8,6,2,2,3
2024-02-05,7.5,5,2,3,3
2024-02-06,7,5,1,2,4
2024-02-07,7.5,5,2,2,4
2024-02-07,7.5,5,1,2,4
2024-02-09,8,6,1,1,4
2024-02-10,8,5,2,2,5
2024-02-11,7,5,1,1,4
2024-02-12,8,3,1,1,3
2024-02-13,8,5,1,2,3
2024-02-14,8,5,1,1,5
2024-02-15,6.5,5,1,1,4
2024-02-16,8,5,2,1,5
2024-02-17,8,5,1,1,5
2024-02-18,8,4,2,2,3
2024-02-19,8,5,1,1,5
2024-02-20,8,4,1,1,4
2024-02-21,8,5,1,1,5
2024-02-22,7.5,5,1,1,5
2024-02-23,8,5,1,1,5
2024-02-24,7,4,1,1,5
2024-02-25,7,5,1,1,5
2024-02-26,7.5,4,1,1,4
2024-02-28,8,5,1,1,5
2024-02-29,8,5,1,1,5
2024-03-01,8,5,1,1,5
2024-03-02,9,5,1,1,5
2024-03-03,8.5,5,1,2,5
2024-03-04,8,5,2,1,4
2024-03-05,8,4,1,1,5
2024-03-06,7.5,5,1,2,5
2024-03-07,6.5,5,1,1,5
2024-03-08,8,5,1,1,5
2024-03-09,7.5,5,3,1,5
2024-03-10,7,4,2,1,4
2024-03-11,8,5,3,1,4
2024-03-12,7.5,5,5,1,4
2024-03-13,8,4,5,1,4
2024-03-14,8,5,4,2,4
2024-03-16,8.5,5,3,2,5
2024-03-17,6,5,4,1,4
2024-03-18,8,5,3,1,4
2024-03-19,6,5,3,1,5
2024-03-20,7.5,5,3,1,5
2024-03-21,6,5,3,1,4
2024-03-22,8,4,3,1,3
2024-03-23,8,4,2,1,4
2024-03-24,8,4,2,1,5
2024-03-25,8,5,2,1,5
2024-03-26,6.5,5,2,1,5
2024-03-27,7.5,5,2,1,5
2024-03-28,7.5,5,2,1,5
2024-03-29,9,5,2,1,5
2024-03-30,9,4,2,1,4
2024-03-31,8.5,5,3,1,4
2024-04-01,8,5,3,1,4
2024-04-02,7,5,3,1,5
2024-04-03,7,5,2,1,5
2034-04-03,9,3,2,1,4
2024-04-05,7,3,2,1,5
2024-04-06,7,4,2,1,4
2024-04-07,7.5,4,2,1,3
2024-04-08,7,5,3,1,5
2024-04-09,7.5,7,4,2,5
2024-04-10,7.5,4,3,1,4
2024-04-11,7,4,3,2,5
2024-04-12,7.5,4,3,1,5
2024-04-13,8,5,3,1,5
2024-04-14,8,5,5,1,5
2024-04-15,9,4,3,1,5
2024-04-16,7.5,4,3,1,4
2024-04-17,7,5,3,1,4
2024-04-18,7,5,4,1,5
2024-04-19,7,4,3,2,5
2024-04-20,6,5,3,1,5
2024-04-21,8,5,3,1,5
2024-04-22,5.5,4,4,1,4
2024-04-23,7.5,3,4,1,4
2024-04-25,7.5,5,3,1,4
2024-04-26,7.5,5,3,1,5
2024-04-27,8,5,3,1,5
2024-04-28,8,5,3,1,5
2024-04-29,7.5,5,3,1,5
2024-04-30,7,5,3,1,3
2024-05-02,7.5,5,3,1,5
2024-05-03,8.5,5,3,1,5
2024-05-04,0,5,2,1,5
2024-05-06,8.5,5,3,1,5
2024-05-07,7,5,3,1,5
2024-05-08,7,5,3,1,5
2024-05-10,5,4,4,1,5
2024-05-11,7.5,5,4,1,5
2024-05-12,7.5,5,3,1,5
2024-05-13,5,5,4,1,5
2024-05-14,8,5,4,1,5
2024-05-15,7,5,3,1,5
2024-05-17,8,5,3,1,5
2024-05-18,7,5,3,1,5
2024-05-19,7.5,5,3,1,5
2024-05-22,7.5,5,3,1,5
2024-05-23,7,5,4,1,5
2024-05-24,6,5,3,1,5
2024-05-25,7.5,4,2,1,5
2024-05-26,7.5,5,2,1,5
2024-05-28,6.5,5,3,1,5
2024-05-30,7.5,5,3,1,5
2024-06-01,6.5,5,2,1,4
2024-06-02,6.5,5,2,1,5
2024-06-03,7,5,2,1,5
2024-06-04,7.5,5,2,1,5
2024-06-05,6.5,5,2,1,5
2024-06-06,7.5,5,2,1,5
2024-06-08,7,5,1,1,5
2024-06-09,6,5,2,1,4
2024-06-11,6.5,5,3,1,5
2024-06-12,7.5,5,3,1,5
2024-06-14,7.5,4,2,1,5
2024-06-15,7,5,2,1,5
2024-06-19,7,5,2,1,5
2024-06-20,7,5,1,1,5
2024-06-21,8,5,2,1,5
2024-06-22,7.5,5,1,1,4
2024-06-23,6.5,5,2,1,4
2024-06-26,6.5,5,2,1,5
2024-06-27,7.5,5,2,1,5
2024-06-28,7,5,1,1,5
2024-06-29,7.5,5,1,1,5
2024-06-30,7.5,5,1,1,5
2024-07-02,7,5,1,1,5
2024-07-03,5.5,5,1,1,5
2024-07-04,7,5,1,1,5
2024-07-11,6.5,5,1,1,5
2024-07-12,8.5,5,1,1,5
2024-07-13,8,5,2,1,5
2024-07-15,9,5,1,1,5
2024-07-16,8,5,1,1,5
2024-07-17,6,5,1,1,5
2024-07-18,8,5,1,1,5
2024-07-19,8,5,2,1,5
,7,5,1,2,5
2024-07-22,7,5,2,1,5
2024-07-25,7,5,1,1,4
2024-07-26,7.5,5,1,1,5
2024-07-27,7.5,5,2,1,5
2024-07-28,7.5,5,1,1,5
2024-07-29,7.5,5,1,1,5
2024-07-30,7,5,1,1,5
2024-07-31,7.5,5,2,2,5
2024-08-04,7,5,2,1,5
2024-08-05,7,5,2,1,5
2024-08-06,8,5,2,1,5
2024-08-07,7,5,2,1,5
2024-08-09,8,5,2,1,5
2024-08-13,7.5,5,2,1,5
2024-08-14,7.5,5,1,1,5
2024-08-15,8,5,1,1,5
2024-08-16,7.5,5,2,1,5
2024-08-17,7.5,5,1,1,5
2024-08-18,7,4,1,1,5
2024-08-19,8.5,5,1,1,4
2024-08-20,8,3,1,1,4
2024-08-21,8,5,2,1,4
2024-08-22,8,5,1,1,4
2024-08-23,7.5,5,2,1,5
2024-08-24,9,5,2,1,5
2024-08-25,8,5,2,1,5
2024-08-26,7.5,5,2,1,5
2024-08-27,7.5,4,2,1,5
2024-08-28,7,5,1,1,5
2024-08-29,6.5,5,1,1,4
2024-08-30,7,4,2,1,4
2024-08-31,6.5,4,2,1,4
2024-09-01,5,5,1,1,5
2024-09-02,6,4,2,1,5
2024-09-03,6,4,2,1,4
2024-09-04,6,4,2,1,4
2024-09-05,6.5,4,2,1,4
2024-09-06,6,4,2,1,4
2024-09-07,6.5,5,1,1,5
2024-09-08,5.5,3,1,1,4
2024-09-09,6,4,1,1,4
2024-09-10,5.5,3,2,1,4
2024-09-11,5,3,1,1,4
2024-09-12,5,4,2,1,4
2024-09-13,5,3,1,1,4
2024-09-14,4,3,1,1,4
2024-09-15,5.5,4,1,1,5
2024-09-16,6,3,1,1,3
2024-09-17,5,3,2,1,3
2024-09-19,4,3,1,1,3
2024-09-20,6,3,1,1,4
2024-09-22,6,5,2,1,4
2024-09-23,5.5,4,1,1,3
2024-09-24,6,4,2,1,4
2024-09-26,6.5,5,3,1,5
2024-09-27,5.5,5,1,1,5
2024-09-28,6.5,5,1,1,5
2024-09-29,7,5,1,1,5
2024-09-30,6.5,5,1,1,5
2024-10-01,4,5,1,1,5
2024-10-02,7,5,1,1,5
2024-10-03,6.5,4,1,1,5
2024-10-04,5.5,5,1,1,5
2024-10-05,7.5,5,1,1,5
2024-10-07,8,5,1,1,4
2024-10-08,7,5,3,1,3
2024-10-09,6.5,4,1,2,3
2024-10-10,5.5,5,2,1,4
2024-10-11,7,4,2,2,3
2024-10-12,6,3,3,2,3
2024-10-13,6,5,3,2,4
2024-10-15,6,6,4,2,5
2024-10-15,6,7,3,2,5
2024-10-16,7,5,1,1,4
2024-10-17,5,6,1,1,5
2024-10-18,7,5,3,1,5
2024-10-19,7,5,2,1,5
2024-10-20,6.5,5,2,1,5
2024-10-21,6,4,2,1,3
2021-10-22,7,4,2,1,3
2024-10-23,6.5,3,1,1,4
2024-10-24,6.5,3,2,1,4
2024-10-25,7,6,2,1,5
2024-10-26,7,5,2,1,5
2024-10-27,7.5,4,2,1,5
2024-10-28,5,6,2,2,5
2024-11-01,6,5,3,1,4
2024-11-02,8.5,4,2,1,4
2024-11-05,8,5,2,1,5
2024-11-07,7,5,1,1,5
2024-11-09,8.5,6,2,2,5
2024-11-10,8,4,2,1,5
2024-11-11,8,4,1,1,5
2024-11-12,9,5,2,1,5
2024-11-13,8.5,4,3,1,5
2024-11-14,4.5,8,0,0,5
2024-11-16,6.5,7,4,5,4
2024-11-17,8,7,2,1,4
2024-11-19,7,7,1,1,7
2024-11-21,5,7,2,1,5
2024-11-22,8.5,7,1,1,6
2024-11-23,5,7,1,1,5
2024-11-24,7.5,7,1,1,5
2024-11-25,5,7,3,1,5
2024-11-26,7.5,5,1,1,5
2024-11-28,5,8,1,1,5
2024-11-29,7,6,1,3,5
2024-12-01,4.5,7,3,1,5
2024-12-02,7,6,4,1,5
2024-12-03,8.5,7,1,1,2
2024-12-04,7.5,7,2,1,5
2024-12-05,7.5,5,1,1,5
2024-12-06,5,5,3,1,5
2024-12-07,5,6,2,1,5
2024-12-08,6.5,3,2,0,3
2024-12-10,5.5,7,3,1,5
2024-12-12,7.5,7,3,1,5
2024-12-14,8.5,3,1,1,4
2024-12-15,5.5,3,1,1,3
2024-12-16,10,2,1,1,3
2024-12-17,6.5,4,1,1,4
2024-12-18,7.5,4,1,1,5
2024-12-19,8,4,1,1,4
2024-12-20,5,3,1,1,5
2024-12-21,6.5,3,2,3,3
2024-12-22,6,3,1,1,3
2024-12-23,11.5,3,0,1,3
2024-12-24,6,3,1,2,3
2024-12-25,6,3,2,2,3
2024-12-26,6.5,3,1,1,3
2024-12-28,6,4,1,1,4
2024-12-29,6.5,3,2,1,3
2025-01-01,7,4,1,1,4
2025-01-03,6.5,3,2,1,3
2025-01-05,10,4,3,1,3
2025-01-06,5.5,3,1,1,4
2025-01-07,6.5,3,1,1,4
2025-01-09,7.5,5,1,1,5
2025-01-10,7,4,1,1,4
2025-01-11,5,6,1,1,5
2025-01-12,6.5,5,1,1,5
2025-01-16,7,5,1,1,5
2025-01-17,7,4,2,1,5
2025-01-20,7,5,1,1,5
2025-01-22,7,5,2,1,5
2025-01-23,7,4,1,1,5
0025-01-24,6.5,5,1,2,4
2025-01-25,6.5,5,1,1,4
2025-01-26,6.5,4,2,1,4
2025-01-27,6.5,5,1,1,4
2025-01-28,7,5,1,2,5
2025-01-29,6.5,5,2,1,5
2025-01-31,6.5,5,3,1,5
2025-02-02,6.5,5,3,1,4
2025-02-04,7,5,2,2,4
2025-02-07,8,5,1,1,5
2025-02-10,8.5,5,2,1,5
2025-02-12,8.5,5,2,1,5
2025-02-13,8,5,1,3,5
2025-02-14,8.5,5,1,1,5
2025-02-15,7,7,1,1,5
2025-02-17,9.5,4,3,1,3
2025-02-20,7.5,5,1,1,5
2025-02-22,8.5,6,1,1,6
2025-02-23,8.5,5,4,3,4
2025-02-24,8.5,3,3,3,3
2025-02-27,7.5,5,3,3,4
2025-02-28,8.5,5,3,1,5
2025-03-01,8.5,5,3,2,5
2025-03-02,9,4,3,1,5
2025-03-03,7.5,5,3,1,5
2025-03-04,7.5,5,2,3,5
2025-03-05,8,5,2,1,5
2025-03-06,8,5,1,2,5
2024-03-08,8.5,3,2,1,4
2025-03-10,9,5,1,1,3
2025-03-11,7.5,5,3,1,4
2024-03-12,7.5,4,3,1,4
2025-03-13,7.5,4,3,3,3
2025-03-14,6.5,4,3,1,2
2025-03-16,8,4,2,1,4
2025-03-17,8,5,3,2,5
2025-03-21,8,5,3,2,5
2025-03-23,8.5,4,1,1,5
2025-03-26,8,4,3,1,5
2025-03-27,8.5,5,3,1,6
2025-03-28,7.5,5,2,1,5
2025-03-29,7.5,5,2,1,5
2025-03-30,7.5,5,1,1,5
2025-03-31,7.5,5,2,1,5
2025-04-01,7.5,4,2,1,3
2025-04-04,9,5,1,1,5
2025-04-06,8,5,2,1,4
2025-04-08,8,6,2,1,5
2025-04-09,7,5,1,1,5
2025-04-10,7,5,1,1,6
2025-04-13,8,5,1,1,5
2025-04-16,4.5,4,1,1,5
2025-04-16,8,3,1,1,5
2025-04-18,8,3,1,1,5
2025-04-19,7.5,4,1,1,5
2025-04-20,8,5,1,1,6
2025-04-22,8.5,5,1,3,5
2025-04-23,5,5,2,2,3
2025-04-24,8,5,1,2,5
2025-04-30,8,5,1,1,5
2025-05-03,6,5,2,1,5
2025-05-04,8,5,1,1,5
2025-05-05,7,5,1,1,5
2025-05-08,7.5,5,1,1,5
2025-05-09,7.5,4,2,1,5
2025-05-10,8,4,2,1,5
2025-05-11,7,5,1,1,5
2025-05-12,8.5,4,3,1,5
2025-05-13,8,3,1,1,5
2025-05-14,10.5,2,1,1,3
2025-05-15,11,1,1,1,5
2025-05-17,8,4,1,1,5
2025-05-18,8,4,1,1,5
2025-05-20,7.5,6,1,1,5
2025-05-21,8,5,1,1,5
2025-05-22,8,5,1,1,5
2025-05-24,7.5,5,1,1,5
2025-05-25,8,5,1,1,5
2025-05-26,8,6,1,1,5
2025-06-01,7.5,6,1,1,5
2025-06-02,8,6,1,1,5
2025-06-05,8,5,1,1,5
2025-06-07,6.5,5,1,1,5
2026-06-09,7.5,5,1,1,5
2025-06-10,7.5,4,1,1,5
2025-06-11,8.5,5,1,1,5
2025-06-15,7.5,5,1,1,5
2025-06-17,8.5,5,1,1,5
2025-06-19,8,6,1,1,5
2025-06-20,9,5,1,1,5
2025-06-22,7.5,5,1,1,5
2025-06-25,8,6,1,1,5
2025-07-06,8,5,1,1,5
2025-07-13,7.5,5,1,1,4
2025-07-21,8,5,1,1,3
2025-07-23,8,5,1,1,5
2025-07-29,8,5,1,1,5
2025-07-30,8,5,1,1,4
2025-07-31,8.5,5,1,1,5
2025-08-02,6.5,5,1,1,5
2025-08-05,8,5,1,1,4
2025-08-07,7.5,4,1,1,5
2025-08-08,8,5,1,1,4
2025-08-09,8,5,1,1,4
2025-08-10,7.5,3,1,2,3
2025-08-11,7.5,5,1,2,3
2025-08-12,8.5,5,1,3,3
2025-08-13,8.5,5,1,2,4
2025-08-14,8.5,5,1,2,3
2025-08-17,7,3,1,1,3
2025-08-21,9,5,1,1,4
2025-08-22,9,5,1,1,4
2025-08-24,8,5,1,1,5
2025-08-25,7.5,5,1,2,3
2025-08-26,7.5,5,2,1,2
2025-08-27,9,5,3,1,4
2025-08-30,8.5,5,1,3,5
2025-08-31,8.5,4,2,3,5
2025-09-01,8,5,1,3,4
2025-09-03,8,5,1,1,5
2025-09-04,8,6,1,2,5
2025-09-05,8,6,1,2,5
2025-09-07,8,5,2,3,5
2025-09-08,7.5,5,1,2,5
2025-09-12,8,5,2,2,5
2025-09-13,11,4,1,2,4
2025-09-17,7,5,1,1,5
2025-09-20,8,5,1,1,5
2025-09-21,8,3,1,1,5
2025-09-22,6.5,5,1,1,5
2025-09-24,9,5,1,1,5
2025-09-25,9.5,5,1,2,5
2025-09-30,8.5,5,1,1,5
2025-10-04,8.5,3,2,2,4
2025-10-05,9,5,1,1,5
2025-10-06,8,5,1,1,5
2025-10-07,7.5,5,1,2,5
2025-10-08,6,3,1,2,5
2025-10-10,6,5,2,2,5
2025-10-11,3.5,3,2,2,5
2025-10-12,8,4,2,3,4
2025-10-14,8,5,1,1,4
2025-10-15,8.5,5,1,2,5
2025-10-17,9,4,2,1,4
2025-10-18,9,4,1,1,4
2025-10-24,9,4,1,1,5
2025-10-25,8.5,4,1,1,5
2025-10-27,7.5,5,1,1,5
2025-10-30,9.5,5,2,2,3
2025-10-31,9,5,2,2,3
2025-11-01,4.5,5,3,2,3
2025-11-03,5.5,5,4,1,3
2025-11-08,8.5,5,1,1,4
2025-11-12,8,5,1,2,4
2025-11-13,8.5,4,1,2,4
2025-11-17,7.5,4,2,1,2
2025-11-18,7.5,5,3,3,3
2025-11-23,8,5,1,1,3
2025-11-24,8.5,5,1,1,3
2025-11-25,8,5,1,1,3
2025-11-27,6,5,3,1,3
2025-11-28,8.5,4,1,1,3
2025-11-30,8.5,4,2,2,3
2025-12-02,9,4,3,1,4
2025-12-03,8,4,3,1,4
2025-12-04,9,5,2,3,4
2025-12-06,8,4,1,1,4
2025-12-09,5.5,5,1,1,4
2025-12-10,7,5,1,1,4
2025-12-11,5.5,5,1,1,5
2025-12-12,4.5,5,1,1,5
2025-12-13,6,5,1,1,5
2025-12-15,5.5,5,1,1,6
2025-12-16,4,3,1,2,5
2025-12-17,5.5,3,1,3,5
2025-12-19,6.5,4,1,2,5
2025-12-20,5.5,5,1,1,5
2025-12-24,8.5,4,1,1,5
2025-12-29,6.5,5,1,1,5
2026-01-01,7.5,5,1,2,5
2026-01-03,9,5,2,1,5
2026-01-04,8,5,2,1,5
2026-01-05,7,5,1,1,5
2026-01-07,7.5,5,1,1,5
2026-01-08,7.5,5,1,1,5
2026-01-11,9,5,1,1,5
2026-01-15,9,5,1,1,5
2026-01-19,8.5,4,2,2,3
2026-01-26,6,5,3,3,4
2026-01-28,8,5,1,3,4
2026-02-10,7.5,5,1,2,4
2026-02-11,7.5,5,1,2,5
2026-02-18,7.5,5,1,1,5
2026-02-24,6,5,2,2,4
2026-02-26,8,4,3,2,3
2026-02-27,7.5,5,2,3,4
2026-02-28,6.5,4,2,3,4
2026-03-01,7.5,5,3,2,5
2026-03-04,7.5,5,2,3,3
2026-03-05,8,5,2,3,3
2026-03-06,8,5,2,3,4
2026-03-07,7.5,4,1,2,3
2026-03-08,6.5,4,2,3,3
2026-03-09,5,4,1,3,3
2026-03-11,7,4,3,2,4
2026-03-12,7.5,4,1,3,4
2026-03-13,7.5,5,2,3,4
2026-03-14,7,4,3,4,4
2026-03-21,9.5,3,2,3,5
2026-03-23,8.5,5,3,3,5
2026-03-24,7,5,2,3,5
2026-03-26,8,5,2,2,5
2026-03-27,8,5,1,2,5
2026-03-28,9,5,1,1,5
2026-03-29,8.5,5,1,2,5
2026-03-30,8.5,5,2,2,5